,amino_acid,codon,relative_frequency,corrected_relative_frequency
0,F,TTT,0.57,0.57
1,F,TTC,0.43,0.43
2,L,TTA,0.15,0.15
3,L,TTG,0.12,0.12
4,L,CTT,0.12,0.12
5,L,CTC,0.1,0.1
6,L,CTA,0.05,0.05
7,L,CTG,0.46,0.46
8,I,ATT,0.58,0.58
9,I,ATC,0.35,0.35
10,I,ATA,0.07,0.07
11,M,ATG,1.0,1.0
12,V,GTT,0.25,0.25
13,V,GTC,0.18,0.18
14,V,GTA,0.17,0.17
15,V,GTG,0.4,0.4
16,S,TCT,0.11,0.11
17,S,TCC,0.11,0.11
18,S,TCA,0.15,0.15
19,S,TCG,0.16,0.16
20,P,CCT,0.17,0.1717171717171717
21,P,CCC,0.13,0.1313131313131313
22,P,CCA,0.14,0.1414141414141414
23,P,CCG,0.55,0.5555555555555556
24,T,ACT,0.16,0.16
25,T,ACC,0.47,0.47
26,T,ACA,0.13,0.13
27,T,ACG,0.24,0.24
28,A,GCT,0.11,0.10891089108910891
29,A,GCC,0.31,0.3069306930693069
30,A,GCA,0.21,0.2079207920792079
31,A,GCG,0.38,0.37623762376237624
32,Y,TAT,0.53,0.53
33,Y,TAC,0.47,0.47
34,*,TAA,0.64,0.64
35,*,TAG,0.0,0.0
36,H,CAT,0.55,0.55
37,H,CAC,0.45,0.45
38,Q,CAA,0.3,0.3
39,Q,CAG,0.7,0.7
40,N,AAT,0.47,0.47
41,N,AAC,0.53,0.53
42,K,AAA,0.73,0.73
43,K,AAG,0.27,0.27
44,D,GAT,0.65,0.65
45,D,GAC,0.35,0.35
46,E,GAA,0.7,0.7
47,E,GAG,0.3,0.3
48,C,TGT,0.42,0.42
49,C,TGC,0.58,0.58
50,*,TGA,0.36,0.36
51,W,TGG,1.0,1.0
52,R,CGT,0.36,0.36363636363636365
53,R,CGC,0.44,0.4444444444444445
54,R,CGA,0.07,0.07070707070707072
55,R,CGG,0.07,0.07070707070707072
56,S,AGT,0.14,0.14
57,S,AGC,0.33,0.33
58,R,AGA,0.02,0.020202020202020204
59,R,AGG,0.03,0.030303030303030304
60,G,GGT,0.29,0.29
61,G,GGC,0.46,0.46
62,G,GGA,0.13,0.13
63,G,GGG,0.12,0.12
